created_at,entry_id,MQ7,MQ2,Humidity,Temp,Fire
2024-05-20 07:37:00 UTC,1,848,87,65.7,35.7,0
2024-05-20 07:37:15 UTC,2,245,280,65.6,35.8,0
2024-05-20 07:37:30 UTC,3,144,208,65.3,36,0
2024-05-20 07:37:47 UTC,4,111,203,64.5,36.1,0
2024-05-20 07:38:03 UTC,5,89,171,64.5,36.2,0
2024-05-20 07:38:18 UTC,6,76,190,64.3,36.3,0
2024-05-20 07:38:34 UTC,7,74,161,64.1,36.4,0
2024-05-20 07:38:49 UTC,8,69,159,63.9,36.6,0
2024-05-20 07:39:06 UTC,9,62,145,64.3,36.7,0
2024-05-20 07:39:21 UTC,10,57,145,64.6,36.9,0
2024-05-20 07:39:38 UTC,11,57,144,64.5,37,0
2024-05-20 07:39:54 UTC,12,55,147,64.2,37.2,0
2024-05-20 07:40:09 UTC,13,51,128,63.4,37.4,0
2024-05-20 07:40:25 UTC,14,49,139,62.5,37.5,0
2024-05-20 07:40:40 UTC,15,45,144,62,37.6,0
2024-05-20 07:40:57 UTC,16,44,144,61.5,37.7,0
2024-05-20 07:41:12 UTC,17,44,128,61.1,37.8,0
2024-05-20 07:41:28 UTC,18,39,128,60.5,37.8,0
2024-05-20 07:41:43 UTC,19,1,128,60.3,37.9,0
2024-05-20 07:41:59 UTC,20,37,111,60,37.9,0
2024-05-20 07:42:15 UTC,21,42,134,59.9,37.9,0
2024-05-20 07:42:31 UTC,22,37,129,59.6,37.9,0
2024-05-20 07:42:48 UTC,23,38,123,59.6,38,0
2024-05-20 07:43:04 UTC,24,32,123,59.5,37.9,0
2024-05-20 07:43:20 UTC,25,25,112,59.4,37.9,0
2024-05-20 07:43:35 UTC,26,34,114,59.3,37.9,0
2024-05-20 07:43:51 UTC,27,32,119,59.1,37.9,0
2024-05-20 07:44:06 UTC,28,21,95,59.2,37.9,0
2024-05-20 07:44:22 UTC,29,35,112,59.1,37.9,0
2024-05-20 07:44:38 UTC,30,29,90,59.1,37.9,0
2024-05-20 07:44:54 UTC,31,33,102,59,37.9,0
2024-05-20 07:45:10 UTC,32,26,112,58.9,37.9,0
2024-05-20 07:45:26 UTC,33,25,97,58.8,37.8,0
2024-05-20 07:45:42 UTC,34,23,115,58.9,37.8,0
2024-05-20 07:45:58 UTC,35,26,85,59.1,37.8,0
2024-05-20 07:46:13 UTC,36,25,86,58.9,37.7,0
2024-05-20 07:46:29 UTC,37,34,85,58.8,37.7,0
2024-05-20 07:46:46 UTC,38,27,81,59,37.7,0
2024-05-20 07:47:02 UTC,39,23,96,59.1,37.7,0
2024-05-20 07:47:18 UTC,40,27,103,59,37.7,0
2024-05-20 07:47:33 UTC,41,19,109,59,37.6,0
2024-05-20 07:47:49 UTC,42,24,82,58.9,37.6,0
2024-05-20 07:48:05 UTC,43,20,112,59,37.6,0
2024-05-20 07:48:21 UTC,44,19,98,59,37.5,0
2024-05-20 07:48:37 UTC,45,17,84,59,37.5,0
2024-05-20 07:48:53 UTC,46,21,83,59.1,37.5,0
2024-05-20 07:49:09 UTC,47,19,83,59.2,37.5,0
2024-05-20 07:49:25 UTC,48,16,97,59.3,37.5,0
2024-05-20 07:49:41 UTC,49,16,106,59.6,37.5,0
2024-05-20 07:49:57 UTC,50,19,99,60.4,37.6,0
2024-05-20 07:50:14 UTC,51,19,101,60.5,37.7,0
2024-05-20 07:50:30 UTC,52,18,102,60.8,37.8,0
2024-05-20 07:50:45 UTC,53,23,102,60.5,37.9,0
2024-05-20 07:51:01 UTC,54,19,106,60.8,38,0
2024-05-20 07:51:17 UTC,55,21,112,60.5,38.1,0
2024-05-20 07:51:33 UTC,56,21,101,60.2,38.3,0
2024-05-20 07:51:48 UTC,57,25,96,59.9,38.4,0
2024-05-20 07:52:04 UTC,58,16,100,59.1,38.5,0
2024-05-20 07:52:20 UTC,59,16,109,58.8,38.6,0
2024-05-20 07:52:36 UTC,60,15,90,58.3,38.6,0
2024-05-20 07:52:52 UTC,61,22,81,57.9,38.7,0
2024-05-20 07:53:07 UTC,62,16,87,57.7,38.7,0
2024-05-20 07:53:23 UTC,63,16,82,57.5,38.8,0
2024-05-20 07:53:40 UTC,64,16,97,57.2,38.7,0
2024-05-20 07:53:55 UTC,65,15,95,57.2,38.8,0
2024-05-20 07:54:11 UTC,66,15,103,57.4,38.8,0
2024-05-20 07:54:27 UTC,67,10,91,57.5,38.8,0
2024-05-20 07:54:42 UTC,68,16,93,57.4,38.9,0
2024-05-20 07:54:58 UTC,69,14,66,57.5,39,0
2024-05-20 07:55:14 UTC,70,15,81,57.4,39,0
2024-05-20 07:55:30 UTC,71,16,91,56.8,39.1,0
2024-05-20 07:55:45 UTC,72,16,87,56.7,39.2,0
2024-05-20 07:56:01 UTC,73,68,102,56.7,39.3,1
2024-05-20 07:56:17 UTC,74,208,160,56.7,39.3,1
2024-05-20 07:56:32 UTC,75,310,195,56.7,39.3,1
2024-05-20 07:56:48 UTC,76,372,233,56.7,39.3,1
2024-05-20 07:57:05 UTC,77,402,263,56.7,39.3,1
2024-05-20 07:57:20 UTC,78,426,234,56.7,39.3,1
2024-05-20 07:57:36 UTC,79,450,250,56.7,39.3,1
2024-05-20 07:57:54 UTC,80,468,270,56.7,39.3,1
2024-05-20 07:58:10 UTC,81,503,240,56.7,39.3,1
2024-05-20 07:58:25 UTC,82,587,230,56.7,39.3,1
2024-05-20 07:58:42 UTC,83,617,212,56.7,39.3,1
2024-05-20 07:58:58 UTC,84,602,225,56.7,39.3,1
2024-05-20 07:59:14 UTC,85,555,225,56.7,39.3,1
2024-05-20 07:59:30 UTC,86,532,210,56.7,39.3,1
2024-05-20 07:59:47 UTC,87,439,227,56.7,39.3,1
2024-05-20 08:00:51 UTC,88,2813,157,40.6,47.6,1
2024-05-20 08:01:07 UTC,89,678,235,41.8,46.6,1
2024-05-20 08:01:23 UTC,90,506,229,42.4,46.3,1
2024-05-20 08:01:38 UTC,91,528,211,43,46.2,1
2024-05-20 08:01:54 UTC,92,536,225,44.5,46.3,1
2024-05-20 08:02:10 UTC,93,526,240,44.2,48,1
2024-05-20 08:02:25 UTC,94,496,229,42.2,49.6,1
2024-05-20 08:02:41 UTC,95,560,228,40.5,50.8,1
2024-05-20 08:02:57 UTC,96,585,194,43.1,52.7,1
2024-05-20 08:03:14 UTC,97,457,156,40,64.4,1
2024-05-20 08:03:30 UTC,98,385,130,30.9,75.9,1
2024-05-20 08:03:45 UTC,99,349,141,25.7,83,1
2024-05-20 08:04:02 UTC,100,472,205,16.5,92.5,1
2024-05-20 08:04:17 UTC,101,634,1155,14.1,97,1
2024-05-20 08:04:32 UTC,102,628,323,12.5,99.7,1
2024-05-20 08:04:48 UTC,103,657,375,11,101.3,1
2024-05-20 08:05:03 UTC,104,656,351,10.1,101.5,1
2024-05-20 08:05:19 UTC,105,564,304,10.2,100.1,1
2024-05-20 08:05:35 UTC,106,459,243,10.7,98.1,1
2024-05-20 08:05:50 UTC,107,464,250,10.6,98.7,1
2024-05-20 08:06:06 UTC,108,460,269,9.6,98.1,1
2024-05-20 08:06:21 UTC,109,492,208,10.3,96.6,1
2024-05-20 08:06:37 UTC,110,525,213,10.2,96.2,1
2024-05-20 08:06:52 UTC,111,631,219,10.4,95.8,1
2024-05-20 08:07:08 UTC,112,615,234,10.4,96.2,1
2024-05-20 08:07:24 UTC,113,592,217,9.4,94.9,1
2024-05-20 08:07:40 UTC,114,550,225,9.3,93,1
2024-05-20 08:07:56 UTC,115,479,186,10.7,91.3,1
2024-05-20 08:08:11 UTC,116,477,212,10.1,91.5,1
2024-05-20 08:08:27 UTC,117,665,196,11.5,91.3,1
2024-05-20 08:08:42 UTC,118,636,188,11.7,93.4,1
2024-05-20 08:08:58 UTC,119,666,203,10.9,98.8,1
2024-05-20 08:09:13 UTC,120,731,254,9.6,101.1,1
2024-05-20 08:09:29 UTC,121,677,230,9.4,101.5,1
2024-05-20 08:09:45 UTC,122,621,240,9.2,100.5,1
2024-05-20 08:10:00 UTC,123,539,927,9.2,98.9,1
2024-05-20 08:10:15 UTC,124,486,283,9.2,96.7,1
2024-05-20 08:10:31 UTC,125,361,576,9.3,93.9,1
2024-05-20 08:10:47 UTC,126,343,1670,9.8,92.5,1
2024-05-20 08:11:02 UTC,127,298,1117,9.6,91.1,1
2024-05-20 08:11:18 UTC,128,457,1549,10.2,88.3,1
2024-05-20 08:11:33 UTC,129,691,1088,10.4,86.5,1
2024-05-20 08:11:50 UTC,130,689,1047,10.9,83.7,1
2024-05-20 08:12:06 UTC,131,842,270,13.5,83.2,1
2024-05-20 08:12:21 UTC,132,829,317,12.6,86,1
2024-05-20 08:12:37 UTC,133,757,1075,11.4,88.3,1
2024-05-20 08:12:53 UTC,134,551,1089,10.6,89.4,1
2024-05-20 08:13:08 UTC,135,643,1020,10.4,89.7,1
2024-05-20 08:13:25 UTC,136,643,956,11,91,1
2024-05-20 08:13:40 UTC,137,624,1363,10.3,92.3,1
2024-05-20 08:13:56 UTC,138,507,1010,10,93.5,1
2024-05-20 08:14:12 UTC,139,426,823,10,93.7,1
2024-05-20 08:14:28 UTC,140,467,1717,9.8,94.2,1
2024-05-20 08:14:43 UTC,141,566,745,9.4,93.8,1
2024-05-20 08:14:59 UTC,142,554,1446,10.4,93,1
2024-05-20 08:15:14 UTC,143,620,394,10.2,94.7,1
2024-05-20 08:15:30 UTC,144,611,298,9.9,96.7,1
2024-05-20 08:15:46 UTC,145,538,259,9.4,98.5,1
2024-05-20 08:16:01 UTC,146,449,250,9.2,99.4,1
2024-05-20 08:16:16 UTC,147,407,240,8.9,99.7,1
2024-05-20 08:16:32 UTC,148,336,224,9.3,99.5,1
2024-05-20 08:16:47 UTC,149,346,292,9.6,99.2,1
2024-05-20 08:17:02 UTC,150,402,258,9.6,99.3,1
2024-05-20 08:17:18 UTC,151,365,1256,9.7,99.1,1
2024-05-20 08:17:33 UTC,152,373,345,9.7,98.7,1
2024-05-20 08:17:49 UTC,153,457,368,9.8,97.1,1
2024-05-20 08:18:04 UTC,154,519,1424,10.4,96.3,1
2024-05-20 08:18:20 UTC,155,505,1334,10.3,97.1,1
2024-05-20 08:18:36 UTC,156,467,368,10.1,96.5,1
2024-05-20 08:18:51 UTC,157,501,366,10,95,1
2024-05-20 08:19:08 UTC,158,477,1020,10,92.3,1
2024-05-20 08:19:24 UTC,159,489,214,10.1,89.3,1
2024-05-20 08:19:41 UTC,160,464,195,10.2,86,1
2024-05-20 08:19:56 UTC,161,485,192,10.4,83.8,1
2024-05-20 08:20:12 UTC,162,486,179,10.6,81.2,1
2024-05-20 08:20:29 UTC,163,464,156,10.7,79,1
2024-05-20 08:20:45 UTC,164,432,171,10.8,76.6,1
2024-05-20 08:21:00 UTC,165,387,164,11.2,74.5,1
2024-05-20 08:21:16 UTC,166,362,145,11.6,73.2,1
2024-05-20 08:21:34 UTC,167,331,676,12.1,73.6,1
2024-05-20 08:21:49 UTC,168,421,943,12.8,74.8,1
2024-05-20 08:22:05 UTC,169,431,972,13.2,78.3,1
2024-05-20 08:22:21 UTC,170,503,853,13.3,80.7,1
2024-05-20 08:22:38 UTC,171,481,339,12.8,83.3,1
2024-05-20 08:22:54 UTC,172,443,967,12.8,85.2,1
2024-05-20 08:23:11 UTC,173,359,1153,12.3,88.8,1
2024-05-20 08:23:27 UTC,174,336,791,11.8,90.3,1
2024-05-20 08:23:44 UTC,175,336,528,11.2,92.1,1
2024-05-20 08:24:00 UTC,176,342,400,11.1,93,1
2024-05-20 08:24:17 UTC,177,414,213,10.8,95,1
2024-05-20 08:24:32 UTC,178,409,386,10.8,97.4,1
2024-05-20 08:24:49 UTC,179,380,208,10.9,101.1,1
2024-05-20 08:25:05 UTC,180,563,1450,11,103.3,1
2024-05-20 08:25:22 UTC,181,681,1304,11.1,102.8,1
2024-05-20 08:25:38 UTC,182,592,1099,11.3,103.9,1
2024-05-20 08:25:55 UTC,183,454,955,11.3,104.3,1
2024-05-20 08:26:11 UTC,184,392,266,11.1,104.4,1
2024-05-20 08:26:28 UTC,185,336,995,11.1,104.1,1
2024-05-20 08:26:44 UTC,186,293,998,11.1,104,1
2024-05-20 08:27:00 UTC,187,297,1111,11,103,1
2024-05-20 08:27:17 UTC,188,272,339,11,102.6,1
2024-05-20 08:27:32 UTC,189,281,1058,10.9,102.2,1
2024-05-20 08:27:49 UTC,190,346,519,10.9,101,1
2024-05-20 08:28:05 UTC,191,326,720,10.8,99.4,1
2024-05-20 08:28:21 UTC,192,273,528,10.7,97.4,1
2024-05-20 08:28:37 UTC,193,231,449,10.6,94.6,1
2024-05-20 08:28:53 UTC,194,208,475,10.6,91.2,1
2024-05-20 08:29:09 UTC,195,208,4095,10.5,87.5,1
2024-05-20 08:29:25 UTC,196,180,694,10.5,84.6,1
2024-05-20 08:29:40 UTC,197,171,735,10.5,81.4,1
2024-05-20 08:29:56 UTC,198,164,295,10.6,79.2,1
2024-05-20 08:30:13 UTC,199,169,187,10.6,76,1
2024-05-20 08:30:28 UTC,200,204,1850,11,73.8,1
2024-05-20 08:30:45 UTC,201,246,96,11.5,73.5,1
2024-05-20 08:31:02 UTC,202,230,98,12.1,77.5,1
2024-05-20 08:31:17 UTC,203,290,2451,12.5,83.4,1
2024-05-20 08:31:34 UTC,204,260,46,12.2,90.6,1
2024-05-20 08:31:50 UTC,205,250,60,11.5,97.1,1
2024-05-20 08:32:05 UTC,206,281,252,11.5,101.3,1
2024-05-20 08:32:22 UTC,207,247,351,11.5,106.1,1
2024-05-20 08:32:38 UTC,208,240,304,11.1,110.9,1
2024-05-20 08:32:53 UTC,209,254,323,10.4,115,1
2024-05-20 08:33:10 UTC,210,275,81,9.6,120.3,1
2024-05-20 08:33:27 UTC,211,297,11,8.3,125.2,1
2024-05-20 08:33:42 UTC,212,331,17,7.2,128.2,1
2024-05-20 08:33:58 UTC,213,367,272,6.7,127.6,1
2024-05-20 08:34:15 UTC,214,352,198,6.4,124.4,1
2024-05-20 08:34:31 UTC,215,326,51,6.2,120,1
2024-05-24 07:15:24 UTC,216,812,1373,51.1,40.6,0
2024-05-24 07:15:40 UTC,217,875,1349,50.9,40.8,0
2024-05-24 07:15:55 UTC,218,838,1369,50.8,40.9,0
2024-05-24 07:16:12 UTC,219,846,1373,50.6,41.1,0
2024-05-24 07:16:27 UTC,220,837,1360,50.4,41.2,0
2024-05-24 07:16:42 UTC,221,849,1370,50.3,41.2,0
2024-05-24 07:16:58 UTC,222,833,1322,50.2,41.4,0
2024-05-24 07:17:14 UTC,223,832,1351,50.1,41.4,0
2024-05-24 07:17:30 UTC,224,881,1368,50,41.5,0
2024-05-24 07:17:46 UTC,225,878,1376,49.9,41.6,0
2024-05-24 07:18:01 UTC,226,882,1397,49.9,41.7,0
2024-05-24 07:18:17 UTC,227,870,1377,49.8,41.7,0
2024-05-24 07:18:32 UTC,228,874,1392,49.6,41.8,0
2024-05-24 07:18:48 UTC,229,887,1395,49.6,41.9,0
2024-05-24 07:19:03 UTC,230,880,1393,49.5,42,0
2024-05-24 07:19:20 UTC,231,883,1373,49.4,42.1,0
2024-05-24 07:19:36 UTC,232,883,1391,49.3,42.1,0
2024-05-24 07:19:53 UTC,233,901,1378,49.2,42.2,0
2024-05-24 07:20:10 UTC,234,893,1382,49.1,42.2,0
2024-05-24 07:20:25 UTC,235,903,1385,49.1,42.3,0
2024-05-24 07:20:40 UTC,236,895,1360,49,42.4,0
2024-05-24 07:20:55 UTC,237,877,1367,48.9,42.4,0
2024-05-24 07:21:11 UTC,238,906,1390,48.8,42.4,0
2024-05-24 07:21:27 UTC,239,906,1371,48.8,42.5,0
2024-05-24 07:21:42 UTC,240,900,1398,48.8,42.5,0
2024-05-24 07:21:58 UTC,241,894,1363,48.8,42.6,0
2024-05-24 07:22:14 UTC,242,923,1377,48.7,42.6,0
2024-05-24 07:22:29 UTC,243,906,1375,48.6,42.6,0
2024-05-24 07:22:46 UTC,244,931,1386,48.6,42.6,0
2024-05-24 07:23:02 UTC,245,886,1367,48.6,42.7,0
2024-05-24 07:23:18 UTC,246,907,1383,48.5,42.7,0
2024-05-24 07:23:37 UTC,247,912,1380,48.5,42.7,0
2024-05-24 07:23:53 UTC,248,912,1388,48.5,42.7,0
2024-05-24 07:24:09 UTC,249,917,1374,48.4,42.7,0
2024-05-24 07:24:31 UTC,250,917,1376,48.4,42.8,0
2024-05-24 07:24:51 UTC,251,883,1375,48.4,42.8,0
2024-05-24 07:25:08 UTC,252,875,1353,48.3,42.8,0
2024-05-24 07:25:23 UTC,253,929,1387,48.4,42.8,0
2024-05-24 07:25:40 UTC,254,898,1347,48.4,42.8,0
2024-05-24 07:25:57 UTC,255,912,1387,48.4,42.8,0
2024-05-24 07:26:13 UTC,256,883,1365,48.4,42.8,0
2024-05-24 07:26:30 UTC,257,896,1368,48.4,42.8,0
2024-05-24 07:26:45 UTC,258,899,1379,48.4,42.8,0
2024-05-24 07:27:02 UTC,259,900,1363,48.4,42.8,0
2024-05-24 07:27:18 UTC,260,905,1351,48.4,42.8,0
2024-05-24 07:27:34 UTC,261,895,1360,48.4,42.8,0
2024-05-24 07:27:50 UTC,262,912,1378,48.5,42.8,0
2024-05-24 07:28:05 UTC,263,874,1346,48.5,42.8,0
2024-05-24 07:28:22 UTC,264,909,1386,48.6,42.9,0
2024-05-24 07:28:37 UTC,265,917,1359,48.5,42.9,0
2024-05-24 07:28:54 UTC,266,906,1376,48.5,42.9,0
2024-05-24 07:29:09 UTC,267,904,1363,48.5,43,0
2024-05-24 07:29:25 UTC,268,921,1337,48.5,43,0
2024-05-24 07:29:41 UTC,269,942,1376,48.5,43,0
2024-05-24 07:29:56 UTC,270,919,1384,48.6,43.1,0
2024-05-24 07:30:12 UTC,271,926,1403,48.5,43.1,0
2024-05-24 07:30:27 UTC,272,918,1392,48.5,43.2,0
2024-05-24 07:30:43 UTC,273,910,1366,48.4,43.2,0
2024-05-24 07:30:58 UTC,274,929,1391,48.4,43.3,0
2024-05-24 07:31:13 UTC,275,938,1398,48.3,43.3,0
2024-05-24 07:31:29 UTC,276,915,1369,48.3,43.3,0
2024-05-24 07:31:44 UTC,277,912,1386,48.4,43.3,0
2024-05-24 07:32:00 UTC,278,944,1391,48.3,43.4,0
2024-05-24 07:32:15 UTC,279,878,1366,48.4,43.4,0
2024-05-24 07:32:31 UTC,280,949,1405,48.3,43.4,0
2024-05-24 07:32:47 UTC,281,953,1404,48.3,43.4,0
2024-05-24 07:33:03 UTC,282,932,1365,48.2,43.5,0
2024-05-24 07:33:20 UTC,283,1023,1440,48.2,43.6,0
2024-05-24 07:33:36 UTC,284,1040,1471,48.2,43.6,0
2024-05-24 07:33:53 UTC,285,1040,1440,48.2,43.7,0
2024-05-24 07:34:08 UTC,286,1029,1455,48.1,43.8,0
2024-05-24 07:34:25 UTC,287,958,1344,48,43.8,0
2024-05-24 07:34:41 UTC,288,1034,1446,47.9,43.9,0
2024-05-24 07:34:57 UTC,289,1009,1445,47.8,43.9,0
2024-05-24 07:35:14 UTC,290,1031,1450,47.8,44,0
2024-05-24 07:35:30 UTC,291,995,1456,47.6,44,0
2024-05-24 07:35:45 UTC,292,994,1423,47.6,44,0
2024-05-24 07:36:01 UTC,293,990,1424,47.6,44,0
2024-05-24 07:36:17 UTC,294,1009,1434,47.5,44,0
2024-05-24 07:36:33 UTC,295,977,1465,47.5,44,0
2024-05-24 07:36:49 UTC,296,972,1426,47.5,44,0
2024-05-24 07:37:05 UTC,297,997,1446,47.4,44,0
2024-05-24 07:37:20 UTC,298,1008,1439,47.4,43.9,0
2024-05-24 07:37:36 UTC,299,999,1425,47.4,44,0
2024-05-24 07:37:52 UTC,300,994,1435,47.4,44,0
2024-05-24 07:38:08 UTC,301,957,1427,47.4,43.9,0
2024-05-24 07:38:25 UTC,302,960,1426,47.4,43.9,0
2024-05-24 07:38:41 UTC,303,960,1414,47.4,43.9,0
2024-05-24 07:38:57 UTC,304,969,1420,47.4,43.8,0
2024-05-24 07:39:13 UTC,305,959,1422,47.5,43.8,0
2024-05-24 07:39:30 UTC,306,947,1407,47.4,43.8,0
2024-05-24 07:39:46 UTC,307,941,1401,47.5,43.7,0
2024-05-24 07:40:04 UTC,308,945,1417,47.5,43.7,0
2024-05-24 07:40:19 UTC,309,975,1403,47.5,43.6,0
2024-05-24 07:40:35 UTC,310,922,1378,47.6,43.6,0
2024-05-24 07:40:52 UTC,311,949,1428,47.6,43.6,0
2024-05-24 07:41:07 UTC,312,976,1422,47.6,43.6,0
2024-05-24 07:41:25 UTC,313,944,1408,47.6,43.6,0
2024-05-24 07:41:41 UTC,314,927,1424,47.6,43.6,0
2024-05-24 07:41:56 UTC,315,976,1358,47.6,43.6,0
2024-05-24 07:42:12 UTC,316,966,1418,47.7,43.5,0
2024-05-24 07:42:28 UTC,317,1047,1437,47.7,43.5,0
2024-05-24 07:42:44 UTC,318,1035,1439,47.7,43.5,0
2024-05-24 07:43:00 UTC,319,1014,1409,47.8,43.5,0
2024-05-24 07:43:17 UTC,320,1050,1454,47.8,43.6,0
2024-05-24 07:43:33 UTC,321,1060,1454,47.7,43.7,0
2024-05-24 07:43:50 UTC,322,1058,1435,47.7,43.8,0
2024-05-24 07:44:06 UTC,323,1079,1472,47.6,43.8,0
2024-05-24 07:44:23 UTC,324,1052,1475,47.6,43.9,0
2024-05-24 07:44:38 UTC,325,1099,1489,47.5,44,0
2024-05-24 07:44:54 UTC,326,1136,1499,47.5,44.1,0
2024-05-24 07:45:11 UTC,327,1146,1507,47.4,44.1,0
2024-05-24 07:45:27 UTC,328,1124,1518,47.4,44.2,0
2024-05-24 07:45:42 UTC,329,1104,1499,47.3,44.3,0
2024-05-24 07:45:58 UTC,330,1159,1510,47.2,44.4,0
2024-05-24 07:46:14 UTC,331,1168,1498,47.2,44.5,0
2024-05-24 07:46:30 UTC,332,1154,1507,47,44.5,0
2024-05-24 07:46:47 UTC,333,1210,1549,47,44.6,0
2024-05-24 07:47:02 UTC,334,1232,1531,46.9,44.7,0
2024-05-24 07:47:18 UTC,335,1212,1524,46.8,44.9,0
2024-05-24 07:47:34 UTC,336,1229,1586,46.7,45,0
2024-05-24 07:47:50 UTC,337,1232,1559,46.5,45.2,0
2024-05-24 07:48:06 UTC,338,1130,1104,46.3,45.3,0
2024-05-24 07:48:21 UTC,339,1116,816,46.6,45.1,0
2024-05-24 07:48:38 UTC,340,801,1157,46.3,44.9,0
2024-05-24 07:48:53 UTC,341,974,1410,46.1,44.7,0
2024-05-24 07:49:08 UTC,342,913,1344,46,44.5,0
2024-05-24 07:49:25 UTC,343,960,1337,46.1,44.4,0
2024-05-24 07:49:41 UTC,344,906,1381,46.1,44.4,0
2024-05-24 07:49:58 UTC,345,951,1280,46.2,44.3,0
2024-05-24 07:50:14 UTC,346,998,1414,46.3,44.4,0
2024-05-24 07:50:31 UTC,347,990,1258,46.3,44.4,0
2024-05-24 07:50:46 UTC,348,1045,1449,46.2,44.4,0
2024-05-24 07:51:03 UTC,349,976,1397,46.3,44.4,0
2024-05-24 07:51:19 UTC,350,995,1428,46.2,44.5,0
2024-05-24 07:51:35 UTC,351,999,1454,46.3,44.5,0
2024-05-24 07:51:51 UTC,352,1019,1439,46.3,44.5,0
2024-05-24 07:52:07 UTC,353,1067,1471,46.3,44.5,0
2024-05-24 07:52:22 UTC,354,1072,1488,46.4,44.6,0
2024-05-24 07:52:38 UTC,355,1086,1461,46.3,44.7,0
2024-05-24 07:52:54 UTC,356,1041,1473,46.2,44.7,0
2024-05-24 07:53:11 UTC,357,1040,1441,46.1,44.8,0
2024-05-24 07:53:26 UTC,358,982,1454,46.1,44.8,0
2024-05-24 07:53:43 UTC,359,992,1455,46.1,44.8,0
2024-05-24 07:53:59 UTC,360,930,1360,46,44.8,0
2024-05-24 07:54:15 UTC,361,959,1336,46,44.7,0
2024-05-24 07:54:31 UTC,362,912,1367,46,44.7,0
2024-05-24 07:54:46 UTC,363,879,1378,46,44.7,0
2024-05-24 07:55:02 UTC,364,894,1405,46,44.6,0
2024-05-24 07:55:17 UTC,365,967,1430,46.1,44.6,0
2024-05-24 07:55:34 UTC,366,935,1424,46.2,44.5,0
2024-05-24 07:55:49 UTC,367,923,1425,46.2,44.5,0
2024-05-24 07:56:05 UTC,368,890,1408,46.2,44.5,0
2024-05-24 07:56:20 UTC,369,917,1402,46.3,44.4,0
2024-05-24 07:56:35 UTC,370,826,1317,46.3,44.4,0
2024-05-24 07:56:51 UTC,371,828,1341,46.4,44.3,0
2024-05-24 07:57:07 UTC,372,833,1366,46.4,44.2,0
2024-05-24 07:57:22 UTC,373,891,1352,46.5,44.2,0
2024-05-24 07:57:39 UTC,374,909,1398,46.6,44.1,0
2024-05-24 07:57:54 UTC,375,866,1356,46.6,44.1,0
2024-05-24 07:58:10 UTC,376,850,1382,46.7,44,0
2024-05-24 07:58:26 UTC,377,850,1382,46.8,43.9,0
2024-05-24 07:58:42 UTC,378,818,1317,46.8,43.9,0
2024-05-24 07:58:58 UTC,379,854,1381,46.8,43.8,0
2024-05-24 07:59:15 UTC,380,843,1376,46.9,43.7,0
2024-05-24 07:59:31 UTC,381,848,1277,47.1,43.7,0
2024-05-24 07:59:47 UTC,382,852,1343,47.1,43.6,0
2024-05-24 08:00:02 UTC,383,837,1365,47.2,43.6,0
2024-05-24 08:00:19 UTC,384,832,1326,47.3,43.5,0
2024-05-24 08:00:36 UTC,385,737,1247,47.3,43.4,0
2024-05-24 08:00:52 UTC,386,745,1326,47.4,43.4,0
2024-05-24 08:01:07 UTC,387,783,1355,47.5,43.4,0
2024-05-24 08:01:22 UTC,388,790,1323,47.5,43.3,0
2024-05-24 08:01:38 UTC,389,738,1277,47.6,43.3,0
2024-05-24 08:01:55 UTC,390,720,1308,47.7,43.2,0
2024-05-24 08:02:11 UTC,391,719,1282,47.7,43.1,0
2024-05-24 08:02:26 UTC,392,721,1294,47.8,43,0
2024-05-24 08:02:42 UTC,393,690,1283,47.9,42.9,0
2024-05-24 08:03:00 UTC,394,701,1275,48,42.8,0
2024-05-24 08:03:16 UTC,395,671,1264,48,42.7,0
2024-05-24 08:03:31 UTC,396,688,1247,48.1,42.6,0
2024-05-24 08:03:47 UTC,397,667,1255,48.1,42.5,0
2024-05-24 08:04:02 UTC,398,645,1227,48.2,42.4,0
2024-05-24 08:04:19 UTC,399,669,1233,48.3,42.3,0
2024-05-24 08:04:35 UTC,400,626,1232,48.4,42.2,0
2024-05-24 08:04:52 UTC,401,657,1236,48.5,42.1,0
2024-05-24 08:05:09 UTC,402,653,1225,48.5,42,0
2024-05-24 08:05:24 UTC,403,605,1229,48.6,41.9,0
2024-05-24 08:05:40 UTC,404,609,1200,48.7,41.8,0
2024-05-24 08:05:55 UTC,405,597,1189,48.8,41.7,0
2024-05-24 08:06:12 UTC,406,606,1191,49,41.7,0
2024-05-24 08:06:28 UTC,407,592,1168,49.1,41.6,0
2024-05-24 08:06:43 UTC,408,587,1179,49.2,41.5,0
2024-05-24 08:06:59 UTC,409,570,1168,49.4,41.4,0
2024-05-24 08:07:15 UTC,410,557,1171,49.5,41.4,0
2024-05-24 08:07:31 UTC,411,569,1169,49.7,41.3,0
2024-05-24 08:07:47 UTC,412,546,1150,49.8,41.2,0
2024-05-24 08:08:03 UTC,413,539,1072,49.9,41.2,0
2024-05-24 08:08:20 UTC,414,507,1114,49.9,41.1,0
2024-05-24 08:08:37 UTC,415,487,1037,50.1,41,0
2024-05-24 08:08:53 UTC,416,496,1084,50.2,41,0
2024-05-24 08:09:14 UTC,417,501,1124,50.3,40.9,0
2024-05-24 08:09:38 UTC,418,481,1100,50.6,40.8,0
2024-05-24 08:09:53 UTC,419,489,1077,50.7,40.8,0
2024-05-24 08:10:09 UTC,420,478,1111,50.7,40.8,0
2024-05-24 08:10:29 UTC,421,473,1053,50.8,40.7,0
2024-05-24 08:10:48 UTC,422,455,1023,50.9,40.7,0
2024-05-24 08:11:03 UTC,423,471,1021,50.9,40.7,0
2024-05-24 08:11:19 UTC,424,476,1097,51,40.6,0
2024-05-24 08:11:34 UTC,425,435,1093,51.1,40.6,0
2024-05-24 08:11:54 UTC,426,437,1078,51.1,40.6,0
2024-05-24 08:12:11 UTC,427,452,1072,51.2,40.6,0
2024-05-24 08:12:30 UTC,428,410,915,51.2,40.5,0
2024-05-24 08:12:46 UTC,429,371,972,51.1,40.5,0
2024-05-24 08:13:02 UTC,430,373,861,51.2,40.4,0
2024-05-24 08:13:19 UTC,431,378,903,51.2,40.3,0
2024-05-24 08:13:36 UTC,432,389,926,51.3,40.3,0
2024-05-24 08:13:53 UTC,433,357,887,51.4,40.3,0
2024-05-24 08:14:09 UTC,434,315,833,51.4,40.4,0
2024-05-24 08:14:26 UTC,435,327,880,51.5,40.3,0
2024-05-24 08:14:42 UTC,436,285,876,51.4,40.3,0
2024-05-24 08:14:58 UTC,437,291,911,51.4,40.3,0
2024-05-24 08:15:14 UTC,438,288,849,51.4,40.3,0
2024-06-28 08:06:51 UTC,439,409,830,27.7,84.4,1
2024-06-28 08:07:08 UTC,440,368,763,25.7,87.7,1
2024-06-28 08:07:23 UTC,441,382,761,24,90.5,1
2024-06-28 08:07:40 UTC,442,465,877,18.4,93,1
2024-06-28 08:07:56 UTC,443,379,768,17.1,95.4,1
2024-06-28 08:08:13 UTC,444,349,699,16.2,97,1
2024-06-28 08:08:28 UTC,445,377,723,15.4,98.7,1
2024-06-28 08:08:43 UTC,446,377,710,14.7,100.2,1
2024-06-28 08:09:00 UTC,447,363,671,14.1,101.6,1
2024-06-28 08:09:17 UTC,448,345,654,13.7,102.5,1
2024-06-28 08:09:33 UTC,449,345,652,13.2,102.7,1
2024-06-28 08:09:50 UTC,450,339,637,12.9,102.7,1
2024-06-28 08:10:05 UTC,451,367,646,12.8,103.1,1
2024-06-28 08:10:21 UTC,452,349,627,12.5,103.2,1
2024-06-28 08:10:38 UTC,453,351,656,12.3,103.2,1
2024-06-28 08:10:54 UTC,454,366,656,12.3,103.7,1
2024-06-28 08:11:11 UTC,455,349,640,12.1,104.3,1
2024-06-28 08:11:27 UTC,456,402,735,11.8,104.6,1
2024-06-28 08:11:43 UTC,457,363,693,11.7,104.4,1
2024-06-28 08:11:59 UTC,458,347,670,11.5,104.2,1
2024-06-28 08:12:15 UTC,459,367,694,11.4,104.3,1
2024-06-28 08:12:31 UTC,460,357,698,11.4,104.9,1
2024-06-28 08:12:47 UTC,461,464,1193,11.2,105.7,1
2024-06-28 08:13:04 UTC,462,609,1066,10.9,105.9,1
2024-06-28 08:13:22 UTC,463,503,973,10.8,105.3,1
2024-06-28 08:13:39 UTC,464,438,878,10.7,104.5,1
2024-06-28 08:13:56 UTC,465,433,836,10.7,104,1
2024-06-28 08:14:13 UTC,466,469,865,10.8,103.5,1
2024-06-28 08:14:30 UTC,467,573,962,10.8,103.7,1
2024-06-28 08:14:46 UTC,468,556,1004,10.9,103.8,1
2024-06-28 08:15:03 UTC,469,444,981,10.6,104.2,1
2024-06-28 08:15:19 UTC,470,539,992,10.5,104.1,1
2024-06-28 08:15:36 UTC,471,538,993,10.5,103.5,1
2024-06-28 08:15:53 UTC,472,464,902,10.6,103.5,1
2024-06-28 08:16:08 UTC,473,435,837,10.6,104.6,1
2024-06-28 08:16:23 UTC,474,400,754,10.6,106.4,1
2024-06-28 08:16:40 UTC,475,385,714,10.4,108.8,1
2024-06-28 08:16:56 UTC,476,457,786,10,111.3,1
2024-06-28 08:17:11 UTC,477,496,849,9.7,112.9,1
2024-06-28 08:17:26 UTC,478,647,1057,9.3,113.3,1
2024-06-28 08:17:43 UTC,479,685,1165,9,112.6,1
2024-06-28 08:17:58 UTC,480,666,1202,8.8,111.3,1
2024-06-28 08:18:14 UTC,481,706,1237,8.7,109.5,1
2024-06-28 08:18:30 UTC,482,691,1303,8.5,106.7,1
2024-06-28 08:18:45 UTC,483,654,1311,8.4,104.1,1
2024-06-28 08:19:05 UTC,484,699,1301,8.3,100.7,1
2024-06-28 08:19:21 UTC,485,704,1379,9.7,94.8,1
2024-06-28 08:19:38 UTC,486,715,1375,9.6,86.2,1
2024-06-28 08:19:54 UTC,487,642,1313,10.3,78.9,0
2024-06-28 08:20:09 UTC,488,703,1373,11,73.5,0
2024-06-28 08:20:25 UTC,489,624,1280,12,68.4,0
2024-06-28 08:20:42 UTC,490,685,1341,13.6,62.9,0
2024-06-28 08:20:58 UTC,491,698,1381,14.9,59.5,0
2024-06-28 08:21:13 UTC,492,613,1265,16.3,56.6,0
